IP,THR,AC,PSS
172.16.2.2,0.303110514117,739,21.297699594
172.16.2.12,0.000735294117647,255,5.93725490196
172.16.2.13,0.000608272506083,274,5.52554744526
172.16.2.14,0.000434027777778,48,31.5416666667
172.16.2.111,0.236805555556,44,155.522727273
172.16.2.112,0.598789983165,298,31.2181208054
172.16.2.113,0.167203282828,99,124.555555556
172.16.2.114,0.00208333333333,11,102.545454545
