IP,THR,AC,PSS
172.16.2.12,0.000735294117647,255,5.93725490196
